path,artifactId,packaging,parentArtifactId,parentRelativePath,modules,dependencies,dependencyManagement
adapter/pom.xml,adapter,jar,cola-web-standard-parent,../pom.xml,0,2,0
app/pom.xml,app,jar,cola-web-standard-parent,../pom.xml,0,3,0
client/pom.xml,client,jar,cola-web-standard-parent,../pom.xml,0,2,0
component/cache-component/cache-api/pom.xml,cache-api,jar,cache-component,../pom.xml,0,0,0
component/cache-component/cache-config/pom.xml,cache-config,jar,cache-component,../pom.xml,0,2,0
component/cache-component/cache-core/pom.xml,cache-core,jar,cache-component,../pom.xml,0,3,0
component/cache-component/cache-demo/pom.xml,cache-demo,jar,cache-component,../pom.xml,0,5,0
component/cache-component/cache-integrations/governance/pom.xml,cache-integration-governance,jar,cache-integrations,../pom.xml,0,0,0
component/cache-component/cache-integrations/observability/pom.xml,cache-integration-observability,jar,cache-integrations,../pom.xml,0,4,0
component/cache-component/cache-integrations/pom.xml,cache-integrations,pom,cache-component,../pom.xml,2,0,0
component/cache-component/cache-provider/caffeine/pom.xml,cache-provider-caffeine,jar,cache-provider,../pom.xml,0,4,0
component/cache-component/cache-provider/composite/pom.xml,cache-provider-composite,jar,cache-provider,../pom.xml,0,2,0
component/cache-component/cache-provider/pom.xml,cache-provider,pom,cache-component,../pom.xml,3,0,0
component/cache-component/cache-provider/redis/pom.xml,cache-provider-redis,jar,cache-provider,../pom.xml,0,6,0
component/cache-component/cache-starter/pom.xml,cache-starter,jar,cache-component,../pom.xml,0,12,0
component/cache-component/pom.xml,cache-component,pom,component,../pom.xml,7,0,1
component/component-bom/pom.xml,component-bom,pom,cola-web-standard-parent,../../pom.xml,0,0,53
component/concurrency-component/concurrency-api/pom.xml,concurrency-api,jar,concurrency-component,../pom.xml,0,1,0
component/concurrency-component/concurrency-config/pom.xml,concurrency-config,jar,concurrency-component,../pom.xml,0,1,0
component/concurrency-component/concurrency-core/pom.xml,concurrency-core,jar,concurrency-component,../pom.xml,0,3,0
component/concurrency-component/concurrency-demo/pom.xml,concurrency-demo,jar,concurrency-component,../pom.xml,0,4,0
component/concurrency-component/concurrency-integrations/governance/pom.xml,concurrency-integration-governance,jar,concurrency-integrations,../pom.xml,0,0,0
component/concurrency-component/concurrency-integrations/observability/pom.xml,concurrency-integration-observability,jar,concurrency-integrations,../pom.xml,0,2,0
component/concurrency-component/concurrency-integrations/pom.xml,concurrency-integrations,pom,concurrency-component,../pom.xml,3,0,0
component/concurrency-component/concurrency-integrations/ttl/pom.xml,concurrency-integration-ttl,jar,concurrency-integrations,../pom.xml,0,0,0
component/concurrency-component/concurrency-provider/concurrency-provider-local/pom.xml,concurrency-provider-local,jar,concurrency-provider,../pom.xml,0,0,0
component/concurrency-component/concurrency-provider/concurrency-provider-redis/pom.xml,concurrency-provider-redis,jar,concurrency-provider,../pom.xml,0,0,0
component/concurrency-component/concurrency-provider/pom.xml,concurrency-provider,pom,concurrency-component,../pom.xml,2,0,0
component/concurrency-component/concurrency-starter/pom.xml,concurrency-starter,jar,concurrency-component,../pom.xml,0,9,0
component/concurrency-component/pom.xml,concurrency-component,pom,component,../pom.xml,7,0,1
component/distributed-lock-component/distributed-lock-api/pom.xml,distributed-lock-api,jar,distributed-lock-component,../pom.xml,0,1,0
component/distributed-lock-component/distributed-lock-core/pom.xml,distributed-lock-core,jar,distributed-lock-component,../pom.xml,0,2,0
component/distributed-lock-component/distributed-lock-demo/pom.xml,distributed-lock-demo,jar,distributed-lock-component,../pom.xml,0,10,0
component/distributed-lock-component/distributed-lock-provider/distributed-lock-fencing-provider-jdbc/pom.xml,distributed-lock-fencing-provider-jdbc,jar,distributed-lock-provider,../pom.xml,0,3,0
component/distributed-lock-component/distributed-lock-provider/distributed-lock-provider-redis/pom.xml,distributed-lock-provider-redis,jar,distributed-lock-provider,../pom.xml,0,3,0
component/distributed-lock-component/distributed-lock-provider/pom.xml,distributed-lock-provider,pom,distributed-lock-component,../pom.xml,2,0,0
component/distributed-lock-component/distributed-lock-starter/pom.xml,distributed-lock-starter,jar,distributed-lock-component,../pom.xml,0,13,0
component/distributed-lock-component/pom.xml,distributed-lock-component,pom,component,../pom.xml,5,0,1
component/foundation-component/foundation-architecture-tests/pom.xml,foundation-architecture-tests,jar,foundation-component,../pom.xml,0,10,0
component/foundation-component/foundation-codec/pom.xml,foundation-codec,jar,foundation-component,../pom.xml,0,3,0
component/foundation-component/foundation-context/pom.xml,foundation-context,jar,foundation-component,../pom.xml,0,2,0
component/foundation-component/foundation-core/pom.xml,foundation-core,jar,foundation-component,../pom.xml,0,3,0
component/foundation-component/foundation-id/pom.xml,foundation-id,jar,foundation-component,../pom.xml,0,3,0
component/foundation-component/foundation-reflection/pom.xml,foundation-reflection,jar,foundation-component,../pom.xml,0,2,0
component/foundation-component/foundation-resource/pom.xml,foundation-resource,jar,foundation-component,../pom.xml,0,3,0
component/foundation-component/foundation-serialization/foundation-serialization-api/pom.xml,foundation-serialization-api,jar,foundation-serialization,../pom.xml,0,3,0
component/foundation-component/foundation-serialization/foundation-serialization-jackson/pom.xml,foundation-serialization-jackson,jar,foundation-serialization,../pom.xml,0,4,0
component/foundation-component/foundation-serialization/pom.xml,foundation-serialization,pom,foundation-component,../pom.xml,2,0,0
component/foundation-component/foundation-test-support/pom.xml,foundation-test-support,jar,foundation-component,../pom.xml,0,7,0
component/foundation-component/foundation-time/pom.xml,foundation-time,jar,foundation-component,../pom.xml,0,2,0
component/foundation-component/pom.xml,foundation-component,pom,component,../pom.xml,10,0,5
component/governance-component/governance-api/pom.xml,governance-api,jar,governance-component,../pom.xml,0,1,0
component/governance-component/governance-configs/governance-config-api/pom.xml,governance-config-api,jar,governance-configs,../pom.xml,0,1,0
component/governance-component/governance-configs/governance-config-local/pom.xml,governance-config-local,jar,governance-configs,../pom.xml,0,1,0
component/governance-component/governance-configs/pom.xml,governance-configs,pom,governance-component,../pom.xml,2,0,0
component/governance-component/governance-core/pom.xml,governance-core,jar,governance-component,../pom.xml,0,6,0
component/governance-component/governance-demo/pom.xml,governance-demo,jar,governance-component,../pom.xml,0,2,0
component/governance-component/governance-engine/governance-engine-resilience4j/pom.xml,governance-engine-resilience4j,jar,governance-engine,../pom.xml,0,6,0
component/governance-component/governance-engine/pom.xml,governance-engine,pom,governance-component,../pom.xml,1,0,0
component/governance-component/governance-extensions/pom.xml,governance-extensions,jar,governance-component,../pom.xml,0,0,0
component/governance-component/governance-integration/governance-integration-spring-aop/pom.xml,governance-integration-spring-aop,jar,governance-integration,../pom.xml,0,3,0
component/governance-component/governance-integration/pom.xml,governance-integration,pom,governance-component,../pom.xml,1,0,0
component/governance-component/governance-model/pom.xml,governance-model,jar,governance-component,../pom.xml,0,0,0
component/governance-component/governance-observability/pom.xml,governance-observability,jar,governance-component,../pom.xml,0,0,0
component/governance-component/governance-runtime/pom.xml,governance-runtime,jar,governance-component,../pom.xml,0,0,0
component/governance-component/governance-spi/pom.xml,governance-spi,jar,governance-component,../pom.xml,0,2,0
component/governance-component/governance-starters/governance-spring-boot-starter/pom.xml,governance-spring-boot-starter,jar,governance-starters,../pom.xml,0,8,0
component/governance-component/governance-starters/pom.xml,governance-starters,pom,governance-component,../pom.xml,1,0,0
component/governance-component/pom.xml,governance-component,pom,component,../pom.xml,12,0,1
component/message-component/message-api/pom.xml,message-api,jar,message-component,../pom.xml,0,0,0
component/message-component/message-codec-jackson/pom.xml,message-codec-jackson,jar,message-component,../pom.xml,0,3,0
component/message-component/message-core/pom.xml,message-core,jar,message-component,../pom.xml,0,3,0
component/message-component/message-demo/pom.xml,message-demo,jar,message-component,../pom.xml,0,2,0
component/message-component/message-integrations/message-integration-kafka/pom.xml,message-integration-kafka,jar,message-integrations,../pom.xml,0,2,0
component/message-component/message-integrations/message-integration-pulsar/pom.xml,message-integration-pulsar,jar,message-integrations,../pom.xml,0,2,0
component/message-component/message-integrations/message-integration-rocketmq/pom.xml,message-integration-rocketmq,jar,message-integrations,../pom.xml,0,2,0
component/message-component/message-integrations/pom.xml,message-integrations,pom,message-component,../pom.xml,3,0,0
component/message-component/message-spi/pom.xml,message-spi,jar,message-component,../pom.xml,0,1,0
component/message-component/message-testkit/pom.xml,message-testkit,jar,message-component,../pom.xml,0,1,0
component/message-component/pom.xml,message-component,pom,component,../pom.xml,7,0,4
component/observability-component/observability-api/pom.xml,observability-api,jar,observability-component,../pom.xml,0,0,0
component/observability-component/observability-core/pom.xml,observability-core,jar,observability-component,../pom.xml,0,2,0
component/observability-component/observability-demo-app/pom.xml,observability-demo-app,jar,observability-component,../pom.xml,0,3,0
component/observability-component/observability-otel/pom.xml,observability-otel,jar,observability-component,../pom.xml,0,4,0
component/observability-component/observability-starter/pom.xml,observability-starter,jar,observability-component,../pom.xml,0,9,0
component/observability-component/pom.xml,observability-component,pom,component,../pom.xml,5,0,1
component/pom.xml,component,pom,cola-web-standard-parent,../pom.xml,9,0,0
component/retry-component/pom.xml,retry-component,pom,component,../pom.xml,4,0,1
component/retry-component/retry-api/pom.xml,retry-api,jar,retry-component,../pom.xml,0,1,0
component/retry-component/retry-config/pom.xml,retry-config,jar,retry-component,../pom.xml,0,5,0
component/retry-component/retry-core/pom.xml,retry-core,jar,retry-component,../pom.xml,0,2,0
component/retry-component/retry-demo/pom.xml,retry-demo,jar,retry-component,../pom.xml,0,4,0
domain/pom.xml,domain,jar,cola-web-standard-parent,../pom.xml,0,8,1
infrastructure/pom.xml,infrastructure,jar,cola-web-standard-parent,../pom.xml,0,6,0
pom.xml,cola-web-standard-parent,pom,,,7,0,12
start/pom.xml,start,jar,cola-web-standard-parent,../pom.xml,0,11,1
